Model,MAE,RMSE,R2,MAE_approaching,RMSE_approaching,R2_approaching,train_time_s
RF_seed0,73.2072630732502,145.78101793933058,0.8519456694027314,104.83420965709553,184.78189429393206,0.2818484869554525,507.61
RF_seed1,73.21286635670175,145.87554788324965,0.8517535990578432,104.74985539401327,184.71734349236232,0.2823501503774489,530.19
RF_seed2,73.21241025714171,145.94189302462314,0.8516187215519204,104.75803418791418,184.71533289403163,0.2823657731415009,529.61
