Model,MAE,RMSE,R2,MAE_approaching,RMSE_approaching,R2_approaching,train_time_s,best_val_mae_s
LSTM_seed0,79.53353881835938,197.70878007501335,0.7276853322982788,161.98046875,267.7160634422223,-0.5074607133865356,552.1,79.64
LSTM_seed1,86.47767639160156,200.3602224744223,0.7203323841094971,165.4915008544922,273.67526091610836,-0.5753179788589478,242.4,88.06
LSTM_seed2,78.77519226074219,185.51918280194099,0.7602289319038391,172.01524353027344,267.9025884066819,-0.5095621347427368,689.9,76.96
