Model,MAE,RMSE,R2,MAE_approaching,RMSE_approaching,R2_approaching,train_time_s,best_val_mae_s
CNN_seed0,69.85224914550781,175.56993687523783,0.7852568030357361,143.69140625,245.4573696438956,-0.26721203327178955,832.5,68.37
CNN_seed1,95.07874298095703,199.20810020553884,0.7235394716262817,183.91761779785156,270.06114758976344,-0.5339858531951904,249.8,97.2
CNN_seed2,96.42681884765625,198.82387581412348,0.7246048450469971,181.81201171875,270.12423357133287,-0.5347026586532593,306.0,98.88
