label,n_samples,n_approaching,MAE_all,RMSE_all,R2_all,MAE_approaching,RMSE_approaching,R2_approaching,label_name
0,134390,1780,44.939369201660156,93.61323878897952,0.17219650745391846,0.9298436641693115,1.560138672876269,,No failure
1,134390,890,45.44158935546875,89.57806912827492,-0.5058475732803345,1.1154577732086182,1.8521502885705647,,ECL
2,134390,80990,107.480712890625,173.66061099886755,0.7892489433288574,126.53683471679688,189.35904429482633,0.3718516230583191,EDFA
3,134390,111250,93.08816528320312,182.21712880860022,0.7168705463409424,90.07748413085938,176.56254977875403,0.13583797216415405,NLI
