Model,n_seeds,MAE_mean,MAE_std,MAE_CI_lower,MAE_CI_upper,RMSE_mean,RMSE_std,R2_mean,R2_std,MAE_approaching_mean,MAE_approaching_std,R2_approaching_mean,R2_approaching_std
XGBoost,10,72.74729537963867,0.049093432899763735,72.71217605337515,72.7824147059022,141.59395512574787,0.037799326794419504,0.8603282392024993,7.457740337042684e-05,103.97683410644531,0.07175743648005063,0.31297080516815184,0.0007059425375706912
