Model,MAE,RMSE,R²,MAE (clipped)
Random Forest,18.76752987460668,38.03160550541713,0.9136484894408273,18.76752987460668
Simple Threshold,22.549237373737373,56.46636399704817,0.8096467628592754,22.549237373737373
Linear Extrapolation,88.40873926857255,148.06667780516466,-0.3088662954750221,88.40873926857255
Moving Average,183.00813458421177,224.03966391191472,-1.9966115218985023,183.00813458421177
